Model,Accuracy,Balanced Accuracy,ROC AUC,F1 Score,Precision,Recall,Time Taken
BaggingClassifier,0.9888324873096447,0.9827091377091377,0.9938828293515405,0.9887944814215482,0.988788302041658,0.9888324873096447,1.7827246189117432
SVC,0.9903553299492386,0.9826319176319176,,0.9902628388000032,0.9904331765312611,0.9903553299492386,0.7195882797241211
RandomForestClassifier,0.9888324873096447,0.9812548262548262,0.9989043297673136,0.9887703875100731,0.988802827916038,0.9888324873096447,3.962883234024048
ExtraTreesClassifier,0.9883248730964467,0.975990990990991,0.9988917409415354,0.9882473247411814,0.9883069104653344,0.9883248730964467,0.8039567470550537
KNeighborsClassifier,0.9873096446700508,0.9676190476190477,0.9952440399322594,0.9871869856392517,0.9873144026457923,0.9873096446700508,1.5945391654968262
AdaBoostClassifier,0.9807106598984772,0.9667438867438868,0.9982285261119017,0.9804442029738297,0.9806955421991082,0.9807106598984772,2.9856605529785156
LogisticRegression,0.9786802030456853,0.9652187902187902,0.9978685528498691,0.9786943315168171,0.9787275930607084,0.9786802030456853,0.3000633716583252
DecisionTreeClassifier,0.9756345177664975,0.9581016731016732,0.9740094337674354,0.9756828993220465,0.9757452393582379,0.9756345177664975,0.33725953102111816
LinearSVC,0.9791878172588833,0.9524581724581725,,0.9789998990240593,0.9789849849267929,0.9791878172588833,0.1358339786529541
SGDClassifier,0.9771573604060914,0.9472458172458172,,0.9769802190613349,0.976958312968205,0.9771573604060914,0.16957712173461914
CalibratedClassifierCV,0.9736040609137055,0.9399034749034749,0.9968517702927487,0.9734355713253598,0.9733853101803597,0.9736040609137055,0.4569272994995117
Perceptron,0.9629441624365482,0.9387580437580437,,0.9631981812799512,0.9636111298249462,0.9629441624365482,0.07493376731872559
LinearDiscriminantAnalysis,0.9746192893401016,0.9295495495495496,0.9978447168350758,0.974170829741202,0.9746420411832669,0.9746192893401016,0.0862431526184082
PassiveAggressiveClassifier,0.9741116751269036,0.91503861003861,,0.9735957413499612,0.9741751615392695,0.9741116751269036,0.08803701400756836
ExtraTreeClassifier,0.9629441624365482,0.9128378378378379,0.9689953698540741,0.9630517643553828,0.9631694132954964,0.9629441624365482,0.055028676986694336
BernoulliNB,0.9573604060913705,0.9072458172458172,0.9958503225243202,0.9579474840527374,0.961449923400649,0.9573604060913705,0.07452178001403809
RidgeClassifierCV,0.9593908629441624,0.8838095238095237,,0.9580226059259939,0.9593961125279837,0.9593908629441624,0.08199644088745117
RidgeClassifier,0.9588832487309644,0.8814285714285713,,0.9574713291329887,0.958868581725117,0.9588832487309644,0.06096076965332031
LabelPropagation,0.9568527918781726,0.8441634491634492,,0.9535171972312814,0.9578179506352588,0.9568527918781726,5.648535490036011
LabelSpreading,0.9563451776649746,0.8424839124839125,,0.9529949386064229,0.9573673582358534,0.9563451776649746,7.135914325714111
GaussianNB,0.9467005076142132,0.7923101673101672,0.9935190358107991,0.940961039678019,0.9561131507353767,0.9467005076142132,0.05725431442260742
NearestCentroid,0.9289340101522843,0.7302767052767053,0.9922662662345333,0.9188244150330026,0.9368577442119599,0.9289340101522843,0.04800105094909668
DummyClassifier,0.751269035532995,0.3333333333333333,0.5,0.6445670565732362,0.5644051637506764,0.751269035532995,0.047994136810302734
